mut_id,sequence,esm_score,ppi_score,hotspot_contacts,min_distance_A,contact_count,hdock_score,nanobody_pdb,fold_method,status
CDR3_P98KV,EVQLVESGGGLVQPGGSLRLSCAASGFTFSSYAMSWVRQAPGKGLEWVSAISGSGGSTYYADSVKGRFTISRDNSKNTLYLQMNSLRAEDTAVYYCAVDIQYGNYYYGMDYWGQGTSVTVSS,0.015016496181488,19.766,9,1.034,28,,/content/OmniScreen-AI/data/screened_results/pe_docking/CDR3_P98KV.pdb,extended_ca,ok
CDR3_P98KA,EVQLVESGGGLVQPGGSLRLSCAASGFTFSSYAMSWVRQAPGKGLEWVSAISGSGGSTYYADSVKGRFTISRDNSKNTLYLQMNSLRAEDTAVYYCAADIQYGNYYYGMDYWGQGTSVTVSS,0.0141600966453552,19.766,9,1.034,28,,/content/OmniScreen-AI/data/screened_results/pe_docking/CDR3_P98KA.pdb,extended_ca,ok
CDR3_P98KL,EVQLVESGGGLVQPGGSLRLSCAASGFTFSSYAMSWVRQAPGKGLEWVSAISGSGGSTYYADSVKGRFTISRDNSKNTLYLQMNSLRAEDTAVYYCALDIQYGNYYYGMDYWGQGTSVTVSS,0.0128948986530303,19.766,9,1.034,28,,/content/OmniScreen-AI/data/screened_results/pe_docking/CDR3_P98KL.pdb,extended_ca,ok
CDR3_P98KI,EVQLVESGGGLVQPGGSLRLSCAASGFTFSSYAMSWVRQAPGKGLEWVSAISGSGGSTYYADSVKGRFTISRDNSKNTLYLQMNSLRAEDTAVYYCAIDIQYGNYYYGMDYWGQGTSVTVSS,0.0122058093547821,19.766,9,1.034,28,,/content/OmniScreen-AI/data/screened_results/pe_docking/CDR3_P98KI.pdb,extended_ca,ok
CDR3_P98KP,EVQLVESGGGLVQPGGSLRLSCAASGFTFSSYAMSWVRQAPGKGLEWVSAISGSGGSTYYADSVKGRFTISRDNSKNTLYLQMNSLRAEDTAVYYCAPDIQYGNYYYGMDYWGQGTSVTVSS,0.0120258033275604,19.766,9,1.034,28,,/content/OmniScreen-AI/data/screened_results/pe_docking/CDR3_P98KP.pdb,extended_ca,ok
CDR3_P98KM,EVQLVESGGGLVQPGGSLRLSCAASGFTFSSYAMSWVRQAPGKGLEWVSAISGSGGSTYYADSVKGRFTISRDNSKNTLYLQMNSLRAEDTAVYYCAMDIQYGNYYYGMDYWGQGTSVTVSS,0.0115502774715423,19.766,9,1.034,28,,/content/OmniScreen-AI/data/screened_results/pe_docking/CDR3_P98KM.pdb,extended_ca,ok
CDR3_P98KT,EVQLVESGGGLVQPGGSLRLSCAASGFTFSSYAMSWVRQAPGKGLEWVSAISGSGGSTYYADSVKGRFTISRDNSKNTLYLQMNSLRAEDTAVYYCATDIQYGNYYYGMDYWGQGTSVTVSS,0.0107466280460357,19.766,9,1.034,28,,/content/OmniScreen-AI/data/screened_results/pe_docking/CDR3_P98KT.pdb,extended_ca,ok
CDR3_P98KY,EVQLVESGGGLVQPGGSLRLSCAASGFTFSSYAMSWVRQAPGKGLEWVSAISGSGGSTYYADSVKGRFTISRDNSKNTLYLQMNSLRAEDTAVYYCAYDIQYGNYYYGMDYWGQGTSVTVSS,0.010451316833496,19.766,9,1.034,28,,/content/OmniScreen-AI/data/screened_results/pe_docking/CDR3_P98KY.pdb,extended_ca,ok
CDR3_P98KF,EVQLVESGGGLVQPGGSLRLSCAASGFTFSSYAMSWVRQAPGKGLEWVSAISGSGGSTYYADSVKGRFTISRDNSKNTLYLQMNSLRAEDTAVYYCAFDIQYGNYYYGMDYWGQGTSVTVSS,0.0103304684162139,19.766,9,1.034,28,,/content/OmniScreen-AI/data/screened_results/pe_docking/CDR3_P98KF.pdb,extended_ca,ok
CDR3_P98KG,EVQLVESGGGLVQPGGSLRLSCAASGFTFSSYAMSWVRQAPGKGLEWVSAISGSGGSTYYADSVKGRFTISRDNSKNTLYLQMNSLRAEDTAVYYCAGDIQYGNYYYGMDYWGQGTSVTVSS,0.0092125833034515,19.766,9,1.034,28,,/content/OmniScreen-AI/data/screened_results/pe_docking/CDR3_P98KG.pdb,extended_ca,ok
CDR3_P109MG,EVQLVESGGGLVQPGGSLRLSCAASGFTFSSYAMSWVRQAPGKGLEWVSAISGSGGSTYYADSVKGRFTISRDNSKNTLYLQMNSLRAEDTAVYYCAKDIQYGNYYYGGDYWGQGTSVTVSS,0.0087822675704956,19.766,9,1.034,28,,/content/OmniScreen-AI/data/screened_results/pe_docking/CDR3_P109MG.pdb,extended_ca,ok
CDR3_P109MS,EVQLVESGGGLVQPGGSLRLSCAASGFTFSSYAMSWVRQAPGKGLEWVSAISGSGGSTYYADSVKGRFTISRDNSKNTLYLQMNSLRAEDTAVYYCAKDIQYGNYYYGSDYWGQGTSVTVSS,0.0084227323532104,19.766,9,1.034,28,,/content/OmniScreen-AI/data/screened_results/pe_docking/CDR3_P109MS.pdb,extended_ca,ok
CDR3_P98KW,EVQLVESGGGLVQPGGSLRLSCAASGFTFSSYAMSWVRQAPGKGLEWVSAISGSGGSTYYADSVKGRFTISRDNSKNTLYLQMNSLRAEDTAVYYCAWDIQYGNYYYGMDYWGQGTSVTVSS,0.0079409778118133,19.766,9,1.034,28,,/content/OmniScreen-AI/data/screened_results/pe_docking/CDR3_P98KW.pdb,extended_ca,ok
CDR3_P98KS,EVQLVESGGGLVQPGGSLRLSCAASGFTFSSYAMSWVRQAPGKGLEWVSAISGSGGSTYYADSVKGRFTISRDNSKNTLYLQMNSLRAEDTAVYYCASDIQYGNYYYGMDYWGQGTSVTVSS,0.0077356994152069,19.766,9,1.034,28,,/content/OmniScreen-AI/data/screened_results/pe_docking/CDR3_P98KS.pdb,extended_ca,ok
CDR3_P109MP,EVQLVESGGGLVQPGGSLRLSCAASGFTFSSYAMSWVRQAPGKGLEWVSAISGSGGSTYYADSVKGRFTISRDNSKNTLYLQMNSLRAEDTAVYYCAKDIQYGNYYYGPDYWGQGTSVTVSS,0.0076818168163299,19.766,9,1.034,28,,/content/OmniScreen-AI/data/screened_results/pe_docking/CDR3_P109MP.pdb,extended_ca,ok
CDR3_P109MD,EVQLVESGGGLVQPGGSLRLSCAASGFTFSSYAMSWVRQAPGKGLEWVSAISGSGGSTYYADSVKGRFTISRDNSKNTLYLQMNSLRAEDTAVYYCAKDIQYGNYYYGDDYWGQGTSVTVSS,0.0072555243968963,19.766,9,1.034,28,,/content/OmniScreen-AI/data/screened_results/pe_docking/CDR3_P109MD.pdb,extended_ca,ok
CDR3_P109MT,EVQLVESGGGLVQPGGSLRLSCAASGFTFSSYAMSWVRQAPGKGLEWVSAISGSGGSTYYADSVKGRFTISRDNSKNTLYLQMNSLRAEDTAVYYCAKDIQYGNYYYGTDYWGQGTSVTVSS,0.0071090757846832,19.766,9,1.034,28,,/content/OmniScreen-AI/data/screened_results/pe_docking/CDR3_P109MT.pdb,extended_ca,ok
CDR3_P109MK,EVQLVESGGGLVQPGGSLRLSCAASGFTFSSYAMSWVRQAPGKGLEWVSAISGSGGSTYYADSVKGRFTISRDNSKNTLYLQMNSLRAEDTAVYYCAKDIQYGNYYYGKDYWGQGTSVTVSS,0.0070209503173828,19.766,9,1.034,28,,/content/OmniScreen-AI/data/screened_results/pe_docking/CDR3_P109MK.pdb,extended_ca,ok
CDR3_P109MY,EVQLVESGGGLVQPGGSLRLSCAASGFTFSSYAMSWVRQAPGKGLEWVSAISGSGGSTYYADSVKGRFTISRDNSKNTLYLQMNSLRAEDTAVYYCAKDIQYGNYYYGYDYWGQGTSVTVSS,0.0069043636322021,19.766,9,1.034,28,,/content/OmniScreen-AI/data/screened_results/pe_docking/CDR3_P109MY.pdb,extended_ca,ok
CDR3_P109MN,EVQLVESGGGLVQPGGSLRLSCAASGFTFSSYAMSWVRQAPGKGLEWVSAISGSGGSTYYADSVKGRFTISRDNSKNTLYLQMNSLRAEDTAVYYCAKDIQYGNYYYGNDYWGQGTSVTVSS,0.0063027143478393,19.766,9,1.034,28,,/content/OmniScreen-AI/data/screened_results/pe_docking/CDR3_P109MN.pdb,extended_ca,ok
